Co.,Low Price,High Price,Outstanding,Total Revenue,Net Profit margin,Total Liabilities,Total Equity,LT Debt to Equity,Total Debt to Equity,Cash From Investing Activities,Cash From Financing Activities,Net Change in Cash
Netflix,212.51,700.99,443963107,0,15.63,0,0,82.85,82.85,0,0,0
Apple,122.25,182.94,16319441000,0,26.58,0,0,148.24,170.71,0,0,0
Twitter Inc,31.3,73.34,762012533,0,-4.36,0,0,58.2,58.2,0,0,0
AMD,72.5,164.46,1620157872,0,19.2,0,0,0.01,4.17,0,0,0
AT&T,16.62,25.57,7163031266,0,12.72,0,0,91.88,107.43,0,0,0
NVIDIA,134.59,346.47,2504014351,0,36.24,0,0,41.13,41.13,0,0,0
Ford Motor,11.14,25.87,4018818019,0,13.14,0,0,182.2,284.61,0,0,0
Bank of America,36.51,50.11,8062102236,0,34.62,0,0,104.54,194.36,0,0,0
Meta Platforms,185.82,384.33,2714529832,0,33.38,0,0,0.41,0.47,0,0,0
Warner Bros Discovery,21.66,39.7,2426605846,0,9.82,0,0,126.02,129.44,0,0,0
American Airlines,12.44,26.04,649513571,0,-6.67,0,0,0.0,0.0,0,0,0
Walt Disney,124.11,189.22,1820633408,0,5.08,0,0,52.69,60.24,0,0,0
PayPal Holdings Inc,92.25,309.76,1161295700,0,16.43,0,0,37.05,41.64,0,0,0
Pfizer,37.96,61.71,5623346471,0,27.63,0,0,46.88,49.79,0,0,0
Wells Fargo&Co,41.47,60.3,3789894807,0,28.82,0,0,85.55,104.29,0,0,0
Intel,43.63,63.9,4088661122,0,25.14,0,0,35.13,39.94,0,0,0
Microsoft,238.16,349.67,7496866428,0,38.5,0,0,38.44,42.16,0,0,0
Comcast,44.27,61.8,4533230325,0,11.89,0,0,101.87,104.09,0,0,0
Tesla,546.98,1243.49,1033507611,0,10.49,0,0,17.37,22.64,0,0,0
Occidental,21.62,63.24,936909197,0,10.68,0,0,144.79,145.7,0,0,0
Exxon Mobil,52.1,91.5,4225673726,0,8.51,0,0,25.76,28.3,0,0,0
Carnival Corp,14.94,31.52,1138522769,0,-268.65,0,0,289.86,338.47,0,0,0
Marathon Oil,10.21,27.72,718560866,0,17.24,0,0,37.45,37.84,0,0,0
Citigroup,49.04,80.29,1941900000,0,25.6,0,0,128.45,247.13,0,0,0
Halliburton,17.82,42.6,900558794,0,9.68,0,0,121.56,121.56,0,0,0
Verizon,49.69,59.85,4197823662,0,16.93,0,0,175.36,184.46,0,0,0
Cisco,50.1,64.29,4154168000,0,22.94,0,0,22.71,29.04,0,0,0
Micron,65.67,98.45,1116666857,0,28.88,0,0,14.53,14.79,0,0,0
Huntington Bancshares,13.01,17.79,1438528349,0,21.65,0,0,35.72,37.45,0,0,0
IBM,114.56,152.84,899309986,0,8.52,0,0,244.33,284.7,0,0,0
Delta Air Lines,29.75,48.54,638137817,0,1.47,0,0,817.15,854.46,0,0,0
United Airlines Holdings,30.54,60.58,326728861,0,-7.97,0,0,608.07,669.28,0,0,0
Kinder Morgan,15.01,19.97,2267468356,0,0.0,0,0,93.93,104.78,0,0,0
Coca-Cola,52.28,66.24,4335473308,0,25.36,0,0,165.73,185.93,0,0,0
Boston Scientific,37.96,47.49,1429447209,0,8.74,0,0,52.97,54.54,0,0,0
CSX,29.49,38.63,2178580270,0,29.98,0,0,121.4,123.8,0,0,0
KeyCorp,17.9,27.17,920129365,0,35.95,0,0,69.12,73.48,0,0,0
General Motors,37.6,67.21,1453021337,0,7.83,0,0,126.64,183.08,0,0,0
Freeport-McMoran,30.02,51.99,1454781055,0,23.46,0,0,64.94,67.6,0,0,0
Norwegian Cruise Line,14.9,33.95,417086224,0,-695.48,0,0,475.6,511.65,0,0,0
JPMorgan,125.02,172.96,2937100000,0,35.23,0,0,102.57,201.01,0,0,0
Schlumberger,24.57,46.27,1403381685,0,8.41,0,0,88.55,94.61,0,0,0
Morgan Stanley,78.15,109.73,1756160543,0,24.35,0,0,0.0,0.0,0,0,0
HP Inc,26.11,41.47,1053365800,0,10.05,0,0,0.0,0.0,0,0,0
Regions Financial,18.02,25.57,937146134,0,39.16,0,0,13.13,13.13,0,0,0
Procter&Gamble,130.29,165.35,2399300000,0,0.0,0,0,51.95,73.6,0,0,0
Bristol-Myers Squibb,53.22,78.13,2125202526,0,15.12,0,0,110.18,123.94,0,0,0
Oracle,70.23,106.34,2668157000,0,18.08,0,0,0.0,0.0,0,0,0
Hewlett Packard,12.99,17.76,1300135740,0,13.32,0,0,50.58,69.26,0,0,0
Mosaic,28.26,79.28,368309275,0,13.17,0,0,31.9,40.38,0,0,0
Applied Materials,112.34,167.06,883394639,0,27.1,0,0,45.87,45.87,0,0,0
Host Hotels Resorts,14.67,21.16,724800284,0,-0.38,0,0,75.94,75.94,0,0,0
Colgate-Palmolive,72.2,85.61,840593467,0,13.42,0,0,1181.28,1189.65,0,0,0
APA Corp,15.55,45.22,346927193,0,16.44,0,0,0.0,0.0,0,0,0
Merck&Co,69.46,91.4,2528353085,0,25.37,0,0,80.37,86.69,0,0,0
Starbucks,78.88,126.32,1150300000,0,14.47,0,0,0.0,0.0,0,0,0
Abbott Labs,105.36,142.6,1763482267,0,17.35,0,0,0.0,0.0,0,0,0
NextEra Energy,69.79,93.73,1964439781,0,16.56,0,0,136.98,147.38,0,0,0
Mondelez,57.63,69.47,1383111404,0,11.07,0,0,62.08,69.02,0,0,0
Charles Schwab,64.33,96.24,1895297252,0,30.41,0,0,0.0,0.0,0,0,0
Truist Financial Corp,50.29,68.95,1331414000,0,28.82,0,0,51.94,59.86,0,0,0
J&J,155.72,185.94,2629615456,0,20.9,0,0,0.0,0.0,0,0,0
TJX,57.92,77.35,1175228119,0,6.76,0,0,55.89,55.89,0,0,0
Fifth Third,34.35,50.64,685905000,0,32.78,0,0,53.6,59.16,0,0,0
Viatris,9.66,16.29,1209576280,0,-7.1,0,0,96.22,112.58,0,0,0
Gilead,57.19,74.12,1255786961,0,22.71,0,0,119.51,126.7,0,0,0
The AES,19.76,28.86,667395142,0,-8.36,0,0,619.44,668.3,0,0,0
Chevron,92.86,174.76,1964862059,0,10.06,0,0,22.37,22.56,0,0,0
U.S. Bancorp,49.78,63.57,1486000000,0,31.77,0,0,64.32,105.42,0,0,0
Qualcomm,122.17,193.58,1127000000,0,27.71,0,0,120.96,138.97,0,0,0
Visa A,186.67,252.61,2097970741,0,51.59,0,0,48.83,57.8,0,0,0
Devon Energy,20.63,64.98,664247588,0,23.21,0,0,72.65,72.74,0,0,0
Altria,42.53,55.6,1812709311,0,9.51,0,0,0.0,0.0,0,0,0
Amcor PLC,10.66,12.92,1493951703,0,7.07,0,0,146.75,149.46,0,0,0
Kroger,35.6,62.78,723308230,0,1.21,0,0,135.52,141.39,0,0,0
Boeing,167.58,258.4,590384843,0,-6.89,0,0,0.0,0.0,0,0,0
Citizens Financial Group Inc,39.55,57.0,422142765,0,32.08,0,0,26.61,26.72,0,0,0
Newmont Goldcorp,52.6,86.37,792549477,0,0.08,0,0,27.74,28.62,0,0,0
Walmart,132.01,160.35,2751779629,0,2.43,0,0,46.97,51.45,0,0,0
Lumen Technologies,9.31,15.45,1032760034,0,10.33,0,0,231.66,244.78,0,0,0
Williams,23.21,36.19,1217313364,0,14.7,0,0,189.53,207.26,0,0,0
Exelon,40.11,58.21,980136968,0,5.06,0,0,103.84,123.33,0,0,0
AbbVie,105.56,175.91,1766284924,0,20.55,0,0,416.6,497.69,0,0,0
Bath & Body Works,44.17,82.0,238489925,0,13.64,0,0,0.0,0.0,0,0,0
ConocoPhillips,49.16,107.52,1296051257,0,17.63,0,0,41.26,43.9,0,0,0
Salesforce.com,184.44,311.75,990000000,0,5.45,0,0,18.22,18.22,0,0,0
PPL,25.26,30.72,735764741,0,0.31,0,0,77.72,81.68,0,0,0
Synchrony Financial,33.76,52.49,506200000,0,27.43,0,0,99.57,99.57,0,0,0
Philip Morris,85.64,112.48,1550082073,0,30.44,0,0,0.0,0.0,0,0,0
Southwest Airlines,36.75,63.7,592844796,0,6.19,0,0,98.66,103.01,0,0,0
CVS Health Corp,74.97,111.25,1312510426,0,2.7,0,0,69.23,74.83,0,0,0
Walgreens Boots,42.9,55.95,863773464,0,3.78,0,0,45.57,53.6,0,0,0
Coterra Energy,14.28,31.42,810978794,0,33.57,0,0,26.57,26.69,0,0,0
Kraft Heinz,32.78,44.95,1224894142,0,3.03,0,0,42.72,44.25,0,0,0
Medtronic,98.38,135.89,1341539178,0,15.53,0,0,46.23,47.88,0,0,0
IPG,29.38,39.98,393535691,0,9.47,0,0,82.49,83.86,0,0,0
Paramount Global B,27.25,47.45,649085556,0,15.95,0,0,79.0,79.05,0,0,0
Nike,116.75,179.1,1573767469,0,13.06,0,0,63.6,63.6,0,0,0
Las Vegas Sands,31.26,62.85,763989752,0,-34.7,0,0,737.52,741.23,0,0,0
Match Group,84.2,182.0,285148288,0,9.25,0,0,0.0,0.0,0,0,0
Dow,52.07,71.38,735085853,0,11.65,0,0,78.61,80.77,0,0,0
Corning,33.51,46.82,845646081,0,13.54,0,0,56.67,57.12,0,0,0
eBay,49.53,81.19,587528915,0,2.42,0,0,79.02,92.88,0,0,0
NiSource,23.65,32.58,405734408,0,12.02,0,0,132.19,141.08,0,0,0
Dentsply,41.16,69.5,215451556,0,9.9,0,0,37.94,41.55,0,0,0
CenterPoint Energy,23.58,32.9,629432406,0,9.6,0,0,165.25,171.04,0,0,0
Nielsen,16.02,28.42,359693302,0,16.0,0,0,168.71,169.76,0,0,0
Etsy Inc,104.71,307.75,127032946,0,20.97,0,0,379.51,379.9,0,0,0
Home Depot,293.59,420.61,1033365688,0,10.87,0,0,0.0,0.0,0,0,0
Bank of NY Mellon,44.99,64.63,807798000,0,0.0,0,0,61.15,92.68,0,0,0
Weyerhaeuser,32.65,43.04,747097216,0,25.56,0,0,47.36,47.36,0,0,0
Southern,60.12,77.08,1063221621,0,9.99,0,0,177.95,190.72,0,0,0
Gap,12.78,37.63,369785233,0,1.43,0,0,54.52,54.52,0,0,0
Texas Instruments,161.04,202.26,922877542,0,42.35,0,0,54.31,58.06,0,0,0
Marathon Petroleum,50.19,91.88,558574459,0,2.11,0,0,95.28,97.45,0,0,0
T-Mobile US,101.51,150.2,1249289954,0,3.77,0,0,105.4,115.15,0,0,0
Fox Corp A,34.16,44.95,562902614,0,10.96,0,0,63.89,70.55,0,0,0
ConAgra Foods,30.06,39.09,479875255,0,8.0,0,0,92.19,104.37,0,0,0
Raytheon Technologies,78.55,106.02,1483068377,0,6.44,0,0,42.87,43.09,0,0,0
Kimco,19.54,26.33,618641605,0,54.36,0,0,75.52,75.52,0,0,0
Corteva,40.6,61.88,726773605,0,11.64,0,0,4.33,4.4,0,0,0
PepsiCo,141.73,177.24,1383248600,0,9.9,0,0,224.56,251.41,0,0,0
Omnicom,65.76,91.61,205732684,0,9.5,0,0,188.23,188.65,0,0,0
Prologis,112.0,174.09,752654000,0,82.16,0,0,53.75,53.75,0,0,0
MGM,35.72,51.17,435333066,0,12.48,0,0,195.14,213.06,0,0,0
M&T Bank,128.46,186.95,129080000,0,29.81,0,0,19.26,19.55,0,0,0
General Electric,85.29,116.17,1101751355,0,-4.59,0,0,76.47,87.29,0,0,0
Moderna,122.01,496.71,403020216,0,66.06,0,0,4.23,5.4,0,0,0
Lowe’s,182.08,263.31,661120994,0,8.77,0,0,0.0,0.0,0,0,0
Microchip,64.26,90.0,555990729,0,14.95,0,0,135.59,135.59,0,0,0
Under Armour A,13.7,27.28,476336233,0,6.31,0,0,31.72,31.72,0,0,0
Target,184.0,268.98,462418075,0,6.55,0,0,105.63,106.96,0,0,0
Carrier Global,40.96,58.89,853006593,0,8.25,0,0,140.58,143.28,0,0,0
Fastenal,48.84,64.75,575606032,0,15.62,0,0,10.5,11.62,0,0,0
FirstEnergy,35.42,48.63,570902656,0,11.13,0,0,256.46,274.97,0,0,0
Nucor,75.6,173.0,268778915,0,19.52,0,0,35.4,40.56,0,0,0
Danaher,238.32,333.96,715894895,0,21.55,0,0,49.08,49.1,0,0,0
Western Digital,43.85,78.19,312917687,0,10.52,0,0,58.72,60.81,0,0,0
Marriott Int,127.23,193.79,327254156,0,7.93,0,0,660.04,716.97,0,0,0
Activision Blizzard,56.4,99.44,780922900,0,30.65,0,0,20.5,20.5,0,0,0
Mastercard,305.61,401.5,977476439,0,46.0,0,0,179.28,190.11,0,0,0
Juniper,24.93,38.14,322568530,0,5.34,0,0,39.07,39.07,0,0,0
Xcel Energy,61.15,75.78,544530461,0,11.89,0,0,139.96,150.27,0,0,0
Valero Energy,58.85,111.52,409416722,0,1.13,0,0,68.4,75.26,0,0,0
EOG Resources,62.81,127.94,585389455,0,25.04,0,0,22.87,23.03,0,0,0
Edwards Lifesciences,87.32,131.73,621316637,0,28.73,0,0,10.21,10.21,0,0,0
Archer-Daniels-Midland,56.91,98.44,562477478,0,3.2,0,0,35.64,42.44,0,0,0
CF Industries,43.19,113.49,209113706,0,19.27,0,0,108.08,108.08,0,0,0
Aflac,51.28,66.97,649368008,0,19.56,0,0,23.61,23.61,0,0,0
AIG,44.54,65.16,806247581,0,19.06,0,0,45.63,45.73,0,0,0
News Corp A,20.05,27.97,586505825,0,6.07,0,0,23.48,27.08,0,0,0
Fiserv,89.91,127.33,648764752,0,8.03,0,0,66.97,68.61,0,0,0
NRG,31.94,46.1,242154231,0,8.1,0,0,221.28,221.39,0,0,0
Johnson Controls,59.82,81.77,702376414,0,7.41,0,0,43.12,46.66,0,0,0
Comerica,63.07,102.09,130729331,0,34.09,0,0,38.12,38.12,0,0,0
UnitedHealth,383.12,553.29,940899146,0,6.02,0,0,53.59,62.39,0,0,0
NortonLifeLock Inc,20.74,30.92,582274521,0,33.58,0,0,0.0,0.0,0,0,0
Amazon.com,2671.45,3773.0,508540235,0,7.1,0,0,46.59,47.67,0,0,0
General Mills,56.67,72.93,602212031,0,11.75,0,0,111.53,125.04,0,0,0
Berkshire Hathaway B,268.78,362.1,1473543,0,32.89,0,0,22.11,22.57,0,0,0
Union Pacific,195.68,278.94,628387011,0,29.92,0,0,194.64,209.94,0,0,0
Fidelity National Info,85.0,155.96,610730727,0,3.01,0,0,31.31,42.99,0,0,0
Caterpillar,179.67,246.69,535888051,0,12.61,0,0,157.93,229.25,0,0,0
Dominion Energy,70.37,88.78,810673901,0,19.14,0,0,129.42,140.33,0,0,0
Goldman Sachs,308.2,426.16,337924987,0,31.21,0,0,224.35,808.7,0,0,0
Phillips 66,63.19,94.34,481086327,0,1.43,0,0,67.61,75.38,0,0,0
Realty Income,63.9,75.32,598364153,0,17.34,0,0,61.82,61.82,0,0,0
CBRE A,79.84,111.0,323818834,0,6.64,0,0,18.89,34.7,0,0,0
Enphase,109.33,282.46,134957743,0,10.52,0,0,221.21,241.22,0,0,0
Dollar Tree,84.26,177.15,225110329,0,5.04,0,0,44.27,44.27,0,0,0
NXP,164.75,239.91,262552688,0,17.25,0,0,161.95,161.95,0,0,0
Amphenol,64.13,88.45,597538403,0,14.53,0,0,76.1,76.16,0,0,0
Invesco,18.42,29.71,454831764,0,28.56,0,0,60.8,60.8,0,0,0
Cognizant A,66.19,93.47,524534828,0,11.53,0,0,5.22,5.54,0,0,0
DR Horton,68.79,110.45,354358165,0,15.72,0,0,22.26,33.52,0,0,0
Eli Lilly,178.58,314.0,902347126,0,19.71,0,0,170.91,188.04,0,0,0
Analog Devices,143.81,191.95,523315130,0,15.18,0,0,16.71,16.71,0,0,0
Healthpeak Properties,30.16,37.69,546825255,0,6.94,0,0,94.62,94.7,0,0,0
Honeywell,174.42,236.79,685481704,0,16.31,0,0,76.76,105.55,0,0,0
United Parcel Service,174.7,233.72,871102269,0,13.25,0,0,138.81,153.76,0,0,0
Alaska Air,43.46,72.92,126086607,0,7.51,0,0,57.17,66.8,0,0,0
Baxter,73.12,89.7,503197000,0,10.13,0,0,188.93,194.56,0,0,0
Public Service Enterprise,58.96,74.88,502077935,0,-6.67,0,0,105.41,134.63,0,0,0
State Street,72.4,104.87,348032982,0,22.85,0,0,53.09,69.47,0,0,0
MetLife,55.21,73.09,825078244,0,9.25,0,0,25.32,25.83,0,0,0
ONEOK,48.51,73.86,446591646,0,9.07,0,0,211.93,226.82,0,0,0
Penn National Gaming,35.9,96.23,166051240,0,7.12,0,0,170.88,174.51,0,0,0
International Paper,40.45,65.27,374887938,0,4.19,0,0,59.27,61.43,0,0,0
Ingersoll Rand,44.85,62.64,407967909,0,10.38,0,0,37.79,38.22,0,0,0
Welltower,70.74,99.43,453966965,0,3.42,0,0,80.76,80.76,0,0,0
UDR,44.68,61.06,340101530,0,12.47,0,0,150.79,157.22,0,0,0
ICE,109.04,139.79,561852310,0,44.38,0,0,54.59,61.29,0,0,0
American Electric Power,80.22,104.81,504238399,0,14.27,0,0,140.13,161.34,0,0,0
Kellogg,59.54,68.98,339435112,0,10.52,0,0,168.33,191.16,0,0,0
DISH Network,25.84,47.03,529011792,0,13.73,0,0,124.66,137.94,0,0,0
McDonald’s,217.68,271.15,739605333,0,32.49,0,0,0.0,0.0,0,0,0
Ventas,45.44,64.02,403079155,0,1.48,0,0,108.02,108.02,0,0,0
Accenture,276.88,417.37,633400736,0,11.44,0,0,0.25,0.3,0,0,0
Travelers,144.44,187.98,239961002,0,11.18,0,0,28.17,28.56,0,0,0
Lennar,73.01,117.54,295490203,0,14.1,0,0,22.43,28.31,0,0,0
PulteGroup,39.61,63.91,241425088,0,13.98,0,0,27.09,35.45,0,0,0
Marsh McLennan,126.56,175.12,502706159,0,16.01,0,0,99.31,99.46,0,0,0
Franklin Resources,25.33,38.27,502124386,0,25.94,0,0,65.54,65.54,0,0,0
Intuitive Surgical,254.2,369.69,359194837,0,30.26,0,0,0.0,0.0,0,0,0
Duke Energy,95.48,115.96,769899467,0,14.23,0,0,122.62,136.2,0,0,0
Hilton Worldwide,114.7,166.22,279221973,0,7.03,0,0,0.0,0.0,0,0,0
Adobe,407.94,699.54,472500000,0,29.9,0,0,26.32,29.95,0,0,0
Tapestry,31.7,49.66,263989719,0,12.84,0,0,40.72,54.42,0,0,0
Centene,59.33,89.79,582875035,0,1.06,0,0,69.31,70.3,0,0,0
Otis Worldwide,70.61,92.84,422743121,0,9.93,0,0,0.0,0.0,0,0,0
Monster Beverage,71.78,99.86,529358860,0,24.86,0,0,0.0,0.02,0,0,0
Zoetis Inc,165.22,249.27,471250516,0,26.16,0,0,145.1,145.1,0,0,0
Caesars,66.81,119.81,214123451,0,-10.3,0,0,583.62,585.18,0,0,0
Ross Stores,84.44,134.16,351392340,0,9.11,0,0,60.4,60.4,0,0,0
Emerson,86.72,105.99,594000000,0,14.93,0,0,85.1,85.46,0,0,0
Arista Networks,75.65,148.57,308204050,0,28.52,0,0,0.0,0.0,0,0,0
Agilent Technologies,123.06,179.57,300113377,0,18.7,0,0,52.97,52.97,0,0,0
Cerner,69.08,93.87,293968165,0,9.64,0,0,43.78,49.89,0,0,0
DuPont De Nemours,66.37,86.28,508528772,0,10.83,0,0,40.22,40.79,0,0,0
WestRock Co,40.78,62.03,263088285,0,4.53,0,0,68.36,70.39,0,0,0
Stanley Black Decker,136.62,225.0,152654721,0,10.11,0,0,37.56,56.91,0,0,0
American Express,140.68,199.55,757288906,0,18.82,0,0,174.39,565.0,0,0,0
Zimmer Biomet,108.47,180.36,209322008,0,5.52,0,0,43.15,55.83,0,0,0
Dollar General,185.15,259.37,228784867,0,7.01,0,0,66.63,66.63,0,0,0
LKQ,42.36,60.43,284990356,0,8.16,0,0,48.12,48.72,0,0,0
Lam Research,451.0,731.85,139500143,0,27.13,0,0,82.98,83.11,0,0,0
PNC Financial,173.09,228.14,415000000,0,29.8,0,0,55.27,55.27,0,0,0
Pioneer Natural,133.73,260.0,241958985,0,11.85,0,0,29.29,30.35,0,0,0
Linde PLC,235.25,309.35,502251042,0,12.46,0,0,25.74,32.26,0,0,0
3M,139.74,208.95,569171905,0,16.74,0,0,106.71,115.4,0,0,0
Masco,48.78,71.06,236524031,0,5.71,0,0,0.0,0.0,0,0,0
Wynn Resorts,66.33,136.81,115918364,0,-26.89,0,0,0.0,0.0,0,0,0
Progressive,89.35,120.17,584878573,0,7.03,0,0,26.87,26.87,0,0,0
Cardinal Health,45.85,64.21,277061392,0,0.32,0,0,535.27,565.43,0,0,0
Diamondback,65.93,147.99,177414969,0,33.49,0,0,54.95,55.32,0,0,0
Amgen,198.64,258.7,533784806,0,22.68,0,0,495.85,497.15,0,0,0
Seagate,78.2,117.67,218898339,0,15.35,0,0,1069.58,1114.26,0,0,0
Capital One Financial,122.43,177.95,411630607,0,40.72,0,0,69.26,70.6,0,0,0
Newell Brands,20.36,30.1,415806114,0,5.4,0,0,119.36,119.43,0,0,0
Cadence Design,118.2,192.7,278376130,0,23.29,0,0,12.68,12.68,0,0,0
Under Armour C,12.61,23.0,476336233,0,6.31,0,0,31.72,31.72,0,0,0
FedEx,199.03,319.9,259178229,0,5.3,0,0,83.15,83.62,0,0,0
Paychex,96.12,141.92,361017389,0,30.23,0,0,24.27,24.54,0,0,0
NetApp,72.04,96.82,222536456,0,16.34,0,0,270.41,298.75,0,0,0
Eaton,139.12,175.72,399569906,0,10.93,0,0,41.62,52.27,0,0,0
Hormel Foods,40.48,54.7,544997610,0,7.74,0,0,46.6,46.73,0,0,0
Sysco,68.05,89.6,507447464,0,1.29,0,0,867.55,908.17,0,0,0
Royal Caribbean Cruises,61.45,98.27,255060065,0,-343.34,0,0,370.6,414.71,0,0,0
Zions,47.06,75.44,151894502,0,38.78,0,0,13.56,25.66,0,0,0
American Tower,220.0,303.72,456240027,0,27.44,0,0,761.35,851.26,0,0,0
Yum! Brands,111.63,139.85,288200000,0,23.92,0,0,0.0,0.0,0,0,0
Costco,365.32,612.27,443224290,0,2.66,0,0,34.29,34.29,0,0,0
Teradyne,102.51,168.91,161593743,0,27.4,0,0,3.48,4.23,0,0,0
Deere&Company,320.5,446.76,306784327,0,12.65,0,0,184.44,265.73,0,0,0
Sherwin-Williams,233.32,354.15,259120755,0,9.35,0,0,352.49,394.51,0,0,0
Tyson Foods,69.88,100.72,362465774,0,7.5,0,0,44.96,50.88,0,0,0
CarMax,90.44,155.98,160537858,0,3.61,0,0,349.93,360.29,0,0,0
LyondellBasell Industries,84.17,118.02,327586561,0,12.18,0,0,94.84,97.94,0,0,0
HCA,196.22,275.96,302018397,0,13.14,0,0,0.0,0.0,0,0,0
Howmet,27.41,37.66,417622524,0,5.19,0,0,120.5,120.64,0,0,0
VF,51.02,90.79,388901667,0,10.32,0,0,127.18,143.79,0,0,0
Catalent Inc,91.17,142.64,179128114,0,13.48,0,0,93.53,94.18,0,0,0
Lockheed Martin,324.23,479.99,265000000,0,9.45,0,0,111.43,116.43,0,0,0
S&P Global,363.54,484.21,347026866,0,39.32,0,0,202.46,202.46,0,0,0
Simon Property,114.72,171.12,375598225,0,50.2,0,0,753.28,753.28,0,0,0
Brown&Brown,49.45,74.0,283122029,0,19.24,0,0,47.19,48.2,0,0,0
Anthem,355.43,532.16,241235732,0,4.31,0,0,55.27,64.64,0,0,0
Ball,78.0,98.09,321212216,0,6.08,0,0,212.9,213.32,0,0,0
Alphabet A,2193.75,3030.93,660737041,0,29.51,0,0,5.89,5.93,0,0,0
Electronic Arts,117.58,148.93,281222268,0,9.83,0,0,24.66,24.66,0,0,0
Estee Lauder,248.42,374.2,358666520,0,18.37,0,0,84.58,88.95,0,0,0
Thermo Fisher Scientific,438.72,672.34,391439489,0,19.72,0,0,79.26,85.48,0,0,0
Trane Technologies,142.53,207.06,233538091,0,10.31,0,0,71.8,77.4,0,0,0
Fortive,56.06,79.87,359066396,0,11.69,0,0,19.0,41.62,0,0,0
Chubb,155.78,218.99,423635915,0,20.85,0,0,25.92,27.59,0,0,0
ADP,184.85,248.96,420045265,0,17.48,0,0,59.14,59.16,0,0,0
Charter Communications,533.25,825.62,222126182,0,10.29,0,0,630.35,651.68,0,0,0
Pentair,51.03,80.4,165399674,0,14.87,0,0,36.92,36.92,0,0,0
Hologic,60.1,81.04,249984116,0,31.23,0,0,62.86,68.44,0,0,0
Rollins,28.5,40.11,492460236,0,14.47,0,0,12.59,14.32,0,0,0
CMS Energy,57.92,73.64,290136830,0,9.25,0,0,182.36,188.12,0,0,0
Waste Management,133.84,168.04,415159816,0,10.13,0,0,178.23,188.17,0,0,0
Hess,61.93,117.06,309646547,0,11.91,0,0,129.22,137.73,0,0,0
Hasbro,81.16,105.73,139434573,0,6.49,0,0,121.33,129.77,0,0,0
Expedia,136.77,217.72,155754357,0,0.17,0,0,375.06,410.79,0,0,0
Quanta Services,84.4,140.04,143768275,0,3.79,0,0,72.85,73.42,0,0,0
Skyworks,117.16,202.87,161670997,0,27.18,0,0,40.99,40.99,0,0,0
Cigna,191.74,272.81,318376760,0,3.11,0,0,66.07,71.47,0,0,0
Stryker,236.09,281.16,377700065,0,11.66,0,0,83.83,83.88,0,0,0
Global Payments,116.75,220.81,281683647,0,10.27,0,0,44.54,46.74,0,0,0
Akamai,96.86,122.64,160901180,0,19.23,0,0,43.62,43.62,0,0,0
CME Group,185.79,256.94,359422597,0,56.23,0,0,10.12,12.88,0,0,0
McCormick&Co,77.85,107.35,268076490,0,11.01,0,0,86.23,116.84,0,0,0
Becton Dickinson,235.13,280.62,284771077,0,8.86,0,0,67.72,72.12,0,0,0
PPG Industries,111.32,182.97,236148121,0,8.58,0,0,104.55,104.69,0,0,0
Crown Castle,157.16,209.87,433029630,0,22.1,0,0,262.01,262.89,0,0,0
Campbell Soup,39.76,50.52,301703512,0,11.17,0,0,136.27,150.12,0,0,0
Air Products,216.24,316.39,221717387,0,19.35,0,0,51.92,53.37,0,0,0
Digital,130.1,178.22,290400874,0,39.46,0,0,74.69,74.69,0,0,0
Aptiv,94.75,180.81,270915354,0,5.18,0,0,48.63,48.72,0,0,0
TE Connectivity,120.73,166.44,325575225,0,16.08,0,0,31.93,36.32,0,0,0
Duke,44.13,66.22,386430712,0,77.91,0,0,61.69,61.69,0,0,0
Entergy,98.5,126.73,203515499,0,9.53,0,0,208.32,227.11,0,0,0
DXC Technology,28.57,44.14,244477871,0,-3.67,0,0,88.77,103.56,0,0,0
Broadcom,419.14,677.76,408281170,0,27.47,0,0,170.8,172.11,0,0,0
Live Nation Entertainment,74.01,127.75,223814335,0,-9.71,0,0,0.0,0.0,0,0,0
T Rowe,133.07,224.55,227809949,0,40.39,0,0,0.0,0.0,0,0,0
Best Buy,85.58,141.97,225227756,0,4.73,0,0,40.26,40.7,0,0,0
Consolidated Edison,71.19,99.22,354192652,0,8.72,0,0,112.82,122.44,0,0,0
Equifax,203.01,300.11,122909184,0,15.14,0,0,116.63,151.64,0,0,0
Allstate,106.11,144.41,275971776,0,10.2,0,0,31.68,31.68,0,0,0
Equity Residential,70.98,93.15,388633097,0,56.82,0,0,73.27,76.14,0,0,0
First Republic Bank,150.0,222.86,179602735,0,29.16,0,0,11.01,11.01,0,0,0
PACCAR,77.96,97.56,347674693,0,7.87,0,0,91.21,91.21,0,0,0
Hartford,59.87,78.17,330708782,0,10.56,0,0,27.71,27.71,0,0,0
Church&Dwight,80.76,105.15,242695534,0,15.94,0,0,49.82,79.27,0,0,0
Old Dominion Freight Line,245.56,373.58,113761155,0,19.68,0,0,2.72,2.72,0,0,0
Take-Two,133.54,195.82,109433585,0,15.4,0,0,0.0,0.0,0,0,0
KLA-Tencor,286.06,457.12,150715343,0,36.57,0,0,84.58,85.07,0,0,0
BorgWarner,34.85,55.55,239973091,0,4.31,0,0,61.33,62.28,0,0,0
Eastman Chemical,98.24,130.47,128949618,0,8.28,0,0,77.35,90.45,0,0,0
Ameren,79.36,98.63,258091525,0,15.56,0,0,129.51,140.33,0,0,0
Vornado,38.0,50.91,206002755,0,13.06,0,0,138.16,138.16,0,0,0
Autodesk,186.29,344.39,217307974,0,11.33,0,0,268.27,309.46,0,0,0
Evergy,59.46,72.65,229323829,0,15.82,0,0,101.02,121.28,0,0,0
WR Berkley,46.53,71.27,265186251,0,10.9,0,0,49.11,49.11,0,0,0
Norfolk Southern,238.62,299.2,239028065,0,26.97,0,0,97.4,101.46,0,0,0
Tractor Supply,170.82,241.54,112146307,0,7.83,0,0,50.89,51.09,0,0,0
Nasdaq Inc,156.72,214.96,164412114,0,20.29,0,0,79.83,98.09,0,0,0
Clorox,127.02,195.69,123057857,0,3.62,0,0,602.56,916.61,0,0,0
Loews,51.35,67.45,248202443,0,11.59,0,0,50.35,50.87,0,0,0
Iron Mountain,38.56,57.96,289830119,0,10.08,0,0,1055.54,1091.69,0,0,0
PVH,66.1,125.42,68006957,0,10.4,0,0,43.82,44.68,0,0,0
ServiceNow Inc,448.27,707.6,200000000,0,3.9,0,0,40.16,42.65,0,0,0
Intuit,386.35,716.86,282812475,0,19.03,0,0,43.17,43.17,0,0,0
Edison,54.14,73.07,380796186,0,6.21,0,0,152.13,173.72,0,0,0
Prudential Financial,94.51,124.22,376000000,0,10.87,0,0,30.54,31.71,0,0,0
Kimberly-Clark,117.32,145.79,336928381,0,8.98,0,0,1588.91,1673.15,0,0,0
Ecolab,154.85,238.93,286296038,0,8.98,0,0,115.55,121.23,0,0,0
Incyte,61.91,88.26,221325189,0,31.76,0,0,0.84,0.91,0,0,0
Dover,142.92,184.04,144106147,0,14.21,0,0,72.05,74.58,0,0,0
Quest Diagnostics,125.77,174.16,117785823,0,18.56,0,0,62.23,62.26,0,0,0
Alliant Energy,54.46,65.37,250478681,0,18.37,0,0,112.44,131.6,0,0,0
Alphabet C,2230.54,3042.0,660737041,0,29.51,0,0,5.89,5.93,0,0,0
Vertex,176.36,292.75,254576691,0,30.92,0,0,5.05,5.05,0,0,0
IFF,113.4,157.08,254744721,0,2.39,0,0,51.08,54.1,0,0,0
Fortune Brands,68.27,114.0,132346750,0,10.09,0,0,75.37,88.42,0,0,0
CH Robinson,84.71,112.15,126564638,0,3.65,0,0,68.93,100.13,0,0,0
Discover,97.84,135.69,282028098,0,45.08,0,0,99.13,150.86,0,0,0
Arthur J Gallagher,135.5,184.92,209614153,0,11.63,0,0,68.29,73.85,0,0,0
JB Hunt,155.11,218.18,104850464,0,6.58,0,0,29.06,39.86,0,0,0
WEC Energy,86.84,105.96,315434531,0,15.61,0,0,123.58,142.46,0,0,0
Universal Health Services,116.23,165.0,74465155,0,7.81,0,0,68.01,68.81,0,0,0
Expeditors Washington,94.95,137.8,167398064,0,8.59,0,0,0.0,0.0,0,0,0
Whirlpool,164.52,257.68,58462497,0,8.19,0,0,101.71,108.07,0,0,0
Fortinet,192.78,371.77,160815446,0,18.38,0,0,126.44,126.44,0,0,0
Citrix Systems,78.07,142.07,125913152,0,9.56,0,0,607.82,607.82,0,0,0
Constellation Brands A,207.35,259.55,187547722,0,0.01,0,0,80.88,88.79,0,0,0
FMC,87.27,140.99,125893098,0,15.9,0,0,90.08,104.62,0,0,0
Biogen,192.67,468.2,146962793,0,15.41,0,0,57.58,66.75,0,0,0
Principal Financial,58.66,80.36,261227525,0,12.32,0,0,26.64,27.13,0,0,0
Molson Coors Brewing B,42.46,61.48,216890836,0,9.81,0,0,49.54,53.38,0,0,0
PTC,97.0,153.73,116952189,0,27.21,0,0,73.7,73.7,0,0,0
AvalonBay,186.61,259.05,139593875,0,43.77,0,0,74.31,74.31,0,0,0
SolarEdge Technologies Inc,199.44,389.71,55118655,0,8.61,0,0,50.54,50.54,0,0,0
Keysight Technologies,134.65,209.08,181975058,0,18.98,0,0,47.01,47.01,0,0,0
Celanese,132.26,176.5,108029267,0,22.47,0,0,75.82,94.7,0,0,0
Raymond James Financial,81.96,117.37,207602043,0,14.68,0,0,33.64,433.17,0,0,0
CDW Corp,162.47,208.71,134951239,0,4.75,0,0,957.32,971.87,0,0,0
Brown Forman,62.33,81.57,478970827,0,21.53,0,0,81.82,92.38,0,0,0
Eversource Energy,78.55,93.82,344850272,0,12.35,0,0,118.45,137.05,0,0,0
Fox Corp B,31.87,40.91,562902614,0,10.96,0,0,63.89,70.55,0,0,0
Sempra Energy,119.56,173.28,315772021,0,0.93,0,0,81.03,94.78,0,0,0
Lincoln National,56.41,77.57,171890801,0,7.31,0,0,31.2,32.68,0,0,0
Xylem,82.03,138.78,180056139,0,8.22,0,0,75.82,75.82,0,0,0
Signature Bank,223.96,374.76,62338366,0,0.0,0,0,6.98,8.82,0,0,0
MarketAxesss,256.26,514.61,37835416,0,35.12,0,0,0.0,0.0,0,0,0
Westinghouse Air Brake,76.3,100.04,184251524,0,7.22,0,0,39.76,39.78,0,0,0
Hershey Co,157.94,230.99,205241853,0,16.53,0,0,148.22,182.39,0,0,0
AmerisourceBergen,111.34,166.9,209137429,0,0.73,0,0,2654.79,2765.97,0,0,0
Jacobs Engineering,114.11,150.13,129216695,0,2.18,0,0,50.63,51.51,0,0,0
Cummins,189.5,273.65,142074564,0,9.01,0,0,42.24,49.08,0,0,0
Illinois Tool Works,195.25,249.81,312926939,0,18.64,0,0,190.59,212.06,0,0,0
BlackRock,660.15,973.16,151725643,0,31.99,0,0,0.0,0.0,0,0,0
Ametek,121.8,148.07,231170880,0,17.85,0,0,32.44,37.02,0,0,0
Lamb Weston Holdings,49.71,85.51,144446885,0,4.52,0,0,687.48,695.69,0,0,0
Willis Towers Watson,199.78,271.87,113237281,0,23.96,0,0,30.08,34.71,0,0,0
General Dynamics,182.66,254.99,277604320,0,8.47,0,0,60.93,67.07,0,0,0
Aon,223.19,336.41,213944460,0,10.73,0,0,779.83,891.33,0,0,0
News Corp,20.33,26.21,586505825,0,6.07,0,0,23.48,27.08,0,0,0
Organon Co,27.37,39.47,253637179,0,21.43,0,0,0.0,0.0,0,0,0
Humana,351.2,475.44,126633599,0,3.45,0,0,65.55,79.73,0,0,0
Ceridian HCM,58.32,130.37,152066225,0,-7.36,0,0,50.48,50.85,0,0,0
Generac,245.4,524.31,63783651,0,14.89,0,0,40.75,44.27,0,0,0
McKesson,180.41,333.44,149798378,0,0.62,0,0,0.0,0.0,0,0,0
Textron,58.62,79.45,216329378,0,6.03,0,0,55.19,55.28,0,0,0
DTE Energy,108.22,145.43,193741870,0,5.25,0,0,166.93,208.65,0,0,0
Regency Centers,61.26,78.78,171704698,0,31.41,0,0,61.6,61.6,0,0,0
Republic Services,104.0,145.98,315786143,0,11.44,0,0,106.32,106.41,0,0,0
Genuine Parts,115.63,142.97,141946558,0,4.76,0,0,69.02,69.02,0,0,0
Synopsys,225.02,377.6,153098717,0,20.15,0,0,0.45,0.45,0,0,0
Albemarle,150.0,291.48,117112394,0,3.13,0,0,35.63,42.56,0,0,0
American Water Works,144.2,189.65,181752561,0,32.14,0,0,141.74,150.52,0,0,0
Ralph Lauren A,100.44,142.06,71167281,0,8.38,0,0,54.59,73.67,0,0,0
IQVIA Holdings,208.61,285.61,190915073,0,6.96,0,0,199.17,200.68,0,0,0
Copart,106.37,161.12,237497303,0,34.51,0,0,9.87,9.87,0,0,0
Alexandria RE,171.5,224.95,163217991,0,30.95,0,0,54.31,54.31,0,0,0
Mid-America Apartment,151.99,231.63,118547587,0,30.9,0,0,75.34,75.34,0,0,0
Cboe Global,100.53,139.0,106188545,0,15.14,0,0,36.04,36.04,0,0,0
AO Smith,60.39,86.74,157022728,0,13.76,0,0,10.36,10.74,0,0,0
Northern Trust,102.39,135.15,207943941,0,24.08,0,0,30.38,1395.51,0,0,0
Verisk,167.37,231.57,158758075,0,22.22,0,0,83.18,117.67,0,0,0
Snap-On,197.75,259.99,53416885,0,18.25,0,0,28.39,28.87,0,0,0
Illumina,302.79,526.0,157075455,0,16.81,0,0,15.78,15.78,0,0,0
Darden Restaurants,116.04,164.28,124734340,0,11.2,0,0,80.28,80.9,0,0,0
Packaging America,124.78,167.79,93052367,0,10.88,0,0,68.87,68.91,0,0,0
Henry Schein,70.25,92.68,138047889,0,5.11,0,0,23.69,25.47,0,0,0
Laboratory America,256.81,317.17,93175934,0,14.76,0,0,53.55,53.66,0,0,0
Vulcan Materials,163.0,213.65,132894206,0,12.13,0,0,60.13,60.75,0,0,0
Ulta Beauty,299.77,437.22,52327263,0,11.42,0,0,0.0,0.0,0,0,0
Roper Technologies,417.54,505.0,105602835,0,17.01,0,0,61.59,68.51,0,0,0
Qorvo Inc,111.74,201.46,108431627,0,24.6,0,0,43.86,43.86,0,0,0
Align,372.62,737.45,78805232,0,19.53,0,0,0.0,0.0,0,0,0
Allegion PLC,105.06,148.7,87802509,0,16.85,0,0,188.32,189.97,0,0,0
Parker-Hannifin,266.94,340.0,128477634,0,11.88,0,0,71.39,96.54,0,0,0
L3Harris Technologies,200.71,279.71,193059798,0,10.35,0,0,36.68,36.75,0,0,0
JM Smucker,118.55,145.82,108458394,0,7.31,0,0,52.16,53.31,0,0,0
SVB,486.74,763.22,58809582,0,35.03,0,0,15.83,16.57,0,0,0
Northrop Grumman,336.03,490.82,155703868,0,19.64,0,0,98.85,98.89,0,0,0
Atmos Energy,85.8,122.96,135432277,0,19.88,0,0,67.01,95.98,0,0,0
Rockwell Automation,250.65,354.99,116196124,0,13.62,0,0,138.49,162.68,0,0,0
Robert Half,83.46,125.77,109060442,0,9.26,0,0,0.0,0.0,0,0,0
Extra Space Storage,141.67,228.84,140779512,0,55.65,0,0,191.17,191.17,0,0,0
Leidos,81.07,111.12,136341967,0,5.53,0,0,107.04,118.29,0,0,0
Public Storage,269.55,421.35,175800695,0,57.37,0,0,80.08,80.08,0,0,0
West Pharmaceutical Services,318.63,475.35,74281589,0,22.61,0,0,8.94,10.83,0,0,0
SBA Communications,281.45,391.15,108017231,0,10.29,0,0,0.0,0.0,0,0,0
Pinnacle West,62.78,88.54,112996356,0,15.76,0,0,117.06,124.54,0,0,0
EPAM Systems,168.59,725.4,56878539,0,12.82,0,0,1.22,1.86,0,0,0
United Rentals,285.59,414.99,72192057,0,14.27,0,0,146.54,161.66,0,0,0
Advance Auto Parts,187.16,244.55,60551143,0,5.6,0,0,33.06,33.06,0,0,0
Garmin,106.66,178.8,192787080,0,21.72,0,0,0.0,0.0,0,0,0
Trimble,62.32,96.49,250370225,0,13.47,0,0,32.78,32.78,0,0,0
DexCom,318.45,659.45,98125933,0,6.32,0,0,78.16,78.16,0,0,0
PerkinElmer,126.75,203.16,126139738,0,18.62,0,0,69.73,69.79,0,0,0
Gartner,192.84,368.99,81164764,0,16.76,0,0,662.12,663.71,0,0,0
IPG Photonics,95.5,234.06,52542466,0,19.02,0,0,0.58,1.24,0,0,0
Ameriprise Financial,236.35,332.37,110577197,0,20.53,0,0,87.88,447.19,0,0,0
Motorola,184.54,273.65,167448183,0,15.29,0,0,0.0,0.0,0,0,0
Globe Life,85.25,108.61,99338401,0,14.54,0,0,17.89,23.44,0,0,0
Boston Properties,103.2,133.11,174939520,0,21.88,0,0,225.25,225.25,0,0,0
Cincinnati Financial,106.29,141.46,160438794,0,30.59,0,0,6.43,6.84,0,0,0
Mohawk Industries,117.56,231.8,63539428,0,9.23,0,0,20.19,27.61,0,0,0
Moodys,299.68,407.94,185377207,0,35.61,0,0,271.84,271.84,0,0,0
Pool,401.51,582.27,40125612,0,12.28,0,0,109.35,110.45,0,0,0
Equinix,662.26,885.26,91013824,0,7.53,0,0,124.61,126.27,0,0,0
Avery Dennison,156.51,229.24,82355333,0,8.85,0,0,144.77,161.33,0,0,0
VeriSign,198.53,257.03,109744555,0,59.12,0,0,0.0,0.0,0,0,0
O’Reilly Automotive,519.32,747.0,66296391,0,16.24,0,0,0.0,0.0,0,0,0
FleetCor,200.78,295.36,77340818,0,29.63,0,0,155.59,208.53,0,0,0
Sealed Air,47.67,70.72,148158143,0,8.88,0,0,1294.57,1490.99,0,0,0
Charles River Laboratories,251.3,460.21,50799019,0,11.27,0,0,105.08,105.19,0,0,0
Regeneron Pharma,478.69,747.42,106439282,0,50.25,0,0,10.55,14.38,0,0,0
Waters,290.36,428.22,60405499,0,24.87,0,0,411.88,411.88,0,0,0
STERIS,188.1,255.93,100127204,0,6.57,0,0,48.03,49.96,0,0,0
DaVita,94.38,136.28,96300000,0,10.43,0,0,1155.4,1179.1,0,0,0
Broadridge,137.58,185.4,116772573,0,10.04,0,0,237.78,237.78,0,0,0
ANSYS,258.0,413.89,87026055,0,23.84,0,0,16.81,16.81,0,0,0
IDEXX Labs,460.36,706.51,84218260,0,23.17,0,0,112.35,133.87,0,0,0
Federal Realty,108.34,140.51,78687588,0,28.29,0,0,159.64,159.64,0,0,0
ResMed,187.09,301.34,146268151,0,15.16,0,0,21.23,21.62,0,0,0
Zebra,375.63,615.0,52810213,0,14.87,0,0,30.9,33.21,0,0,0
MSCI,443.0,679.85,81267909,0,35.53,0,0,0.0,0.0,0,0,0
F5 Networks,174.34,249.0,55262223,0,12.65,0,0,14.34,15.14,0,0,0
Cintas,338.21,461.44,102324911,0,15.88,0,0,40.79,86.6,0,0,0
Domino’s Pizza Inc,376.81,567.57,36036504,0,11.72,0,0,0.0,0.0,0,0,0
IDEX,181.66,240.33,76104749,0,16.25,0,0,42.46,42.46,0,0,0
Huntington Ingalls Industries,175.5,228.66,40067000,0,5.71,0,0,117.45,117.45,0,0,0
FactSet Research,316.99,495.39,37896579,0,25.15,0,0,47.26,47.26,0,0,0
Assurant,144.18,193.58,57708404,0,6.02,0,0,40.12,40.12,0,0,0
Martin Marietta Materials,329.69,446.46,62394593,0,12.97,0,0,78.05,78.05,0,0,0
Jack Henry&Associates,147.5,205.37,72825033,0,18.55,0,0,18.87,18.88,0,0,0
Paycom Soft,283.91,558.97,60213519,0,18.57,0,0,3.06,3.26,0,0,0
Teleflex,289.0,449.38,46901704,0,17.27,0,0,46.34,49.27,0,0,0
Booking,1796.45,2715.66,40887702,0,10.63,0,0,144.66,176.85,0,0,0
Monolithic,301.53,580.0,46509000,0,20.04,0,0,0.0,0.0,0,0,0
Teledyne Technologies,391.28,490.75,47194791,0,9.65,0,0,53.78,53.78,0,0,0
WW Grainger,391.16,529.91,51102235,0,8.55,0,0,126.04,126.04,0,0,0
ABIOMED,261.27,379.3,45516200,0,13.26,0,0,0.0,0.0,0,0,0
Essex Property,278.3,359.49,67561150,0,35.8,0,0,104.9,104.9,0,0,0
Cooper,368.78,463.59,49301550,0,30.99,0,0,33.88,47.05,0,0,0
Everest,234.87,308.2,39271864,0,11.62,0,0,30.46,30.46,0,0,0
Tyler Technologies,384.38,557.55,41431247,0,10.14,0,0,56.42,57.71,0,0,0
AutoZone,1367.96,2267.23,19848868,0,15.44,0,0,0.0,0.0,0,0,0
Bio-Techne,347.88,543.85,39288254,0,19.53,0,0,15.83,16.57,0,0,0
Chipotle Mexican Grill,1277.41,1958.55,28019442,0,8.65,0,0,0.0,0.0,0,0,0
Transdigm,552.72,686.06,55462081,0,16.23,0,0,0.0,0.0,0,0,0
Bio-Rad Labs,524.19,832.7,29932437,0,145.28,0,0,0.08,0.08,0,0,0
Mettler-Toledo,1225.56,1714.75,22735590,0,20.68,0,0,922.18,981.18,0,0,0
NVR,4250.0,5982.4,3378726,0,13.79,0,0,50.5,50.5,0,0,0
